year,number_of_events,avg_21_day_post_car,median_21_day_post_car,avg_first_50pct_reflection_day,median_first_50pct_reflection_day,avg_first_positive_abnormal_day,median_first_positive_abnormal_day,percent_reflected_by_day_1,percent_reflected_by_day_5,avg_21_day_post_car_percent,median_21_day_post_car_percent
2021,1760,0.0023451505626427968,0.00834503900352035,6.990909090909091,5.0,1.1022727272727273,1.0,27.27272727272727,50.17045454545455,0.23451505626427968,0.8345039003520349
2022,1007,0.003248588248423913,0.0057389954857881564,7.0109235352532275,5.0,0.9255213505461768,0.0,25.719960278053627,52.03574975173784,0.3248588248423913,0.5738995485788156
2023,963,0.00267775473849179,-0.002046412634019168,7.97196261682243,7.0,1.0498442367601246,1.0,19.106957424714434,41.95223260643821,0.267775473849179,-0.2046412634019168
2024,987,-0.005354624159421115,-0.005543218330512967,7.773049645390071,6.0,1.1732522796352585,1.0,23.606889564336374,46.909827760891595,-0.5354624159421115,-0.5543218330512967
2025,933,-0.012171645704367136,-0.0067799991877811605,7.614147909967846,6.0,1.0085744908896035,1.0,23.258306538049304,49.30332261521972,-1.2171645704367136,-0.677999918778116
