year,number_of_events,avg_21_day_post_car,median_21_day_post_car,avg_first_50pct_reflection_day,median_first_50pct_reflection_day,avg_first_positive_abnormal_day,median_first_positive_abnormal_day,percent_reflected_by_day_1,percent_reflected_by_day_5,avg_21_day_post_car_percent,median_21_day_post_car_percent
2024,2191,-0.0065772781341426455,-0.007680569227703105,7.043359196713829,5.0,1.0597900502053856,1.0,25.650387950707437,50.66179826563213,-0.6577278134142646,-0.7680569227703105
2025,2238,0.022187068509590607,0.018168706151756753,7.983914209115282,7.0,0.8650580875781948,0.0,22.25201072386059,45.71045576407507,2.2187068509590606,1.8168706151756753
