year,window_trading_days,plain_english_window,number_of_events,avg_contract_amount,avg_pre_abnormal_return,median_pre_abnormal_return,avg_post_abnormal_return,median_post_abnormal_return,percent_events_with_positive_post_abnormal_return,avg_pre_abnormal_return_percent,median_pre_abnormal_return_percent,avg_post_abnormal_return_percent,median_post_abnormal_return_percent
2024,1,1 trading day,2191,62400455.67712003,-0.0010909667157036767,-0.0004909895775158102,-0.0001492335590959432,-0.00010264634370615866,49.65769055225924,-0.10909667157036768,-0.04909895775158102,-0.014923355909594321,-0.010264634370615866
2024,5,1 trading week,2191,62400455.67712003,-0.002462980001640861,-0.001475134243550058,-0.0010906921696229393,-0.0021366447229264063,46.14331355545413,-0.2462980001640861,-0.1475134243550058,-0.10906921696229392,-0.21366447229264063
2024,21,1 trading month,2191,62400455.67712003,-0.009112235839751877,-0.009941601876694017,-0.005379055794917472,-0.008495984764683051,42.99406663623916,-0.9112235839751878,-0.9941601876694017,-0.5379055794917472,-0.8495984764683051
2025,1,1 trading day,2238,72220753.15968722,0.0008925491769827155,0.0011342367294850941,0.0015541717762565682,0.0017182132035508668,54.244861483467375,0.08925491769827154,0.11342367294850941,0.15541717762565682,0.17182132035508668
2025,5,1 trading week,2238,72220753.15968722,0.002631325956857923,0.002510900245078884,0.005674644743504774,0.004160184753855767,55.719392314566576,0.2631325956857923,0.2510900245078884,0.5674644743504774,0.4160184753855767
2025,21,1 trading month,2238,72220753.15968722,0.004843321499385493,0.001073005344259359,0.02191385313332655,0.01728183062386468,60.45576407506702,0.48433214993854934,0.1073005344259359,2.1913853133326553,1.728183062386468
