window_trading_days,plain_english_window,avg_post_abnormal_return_percent_2024,avg_post_abnormal_return_percent_2025,median_post_abnormal_return_percent_2024,median_post_abnormal_return_percent_2025,number_of_events_2024,number_of_events_2025,percent_events_with_positive_post_abnormal_return_2024,percent_events_with_positive_post_abnormal_return_2025,avg_post_abnormal_return_percent_change_2025_minus_2024
1,1 trading day,-0.014923355909594321,0.15541717762565682,-0.010264634370615866,0.17182132035508668,2191,2238,49.65769055225924,54.244861483467375,0.17034053353525114
5,1 trading week,-0.10906921696229392,0.5674644743504774,-0.21366447229264063,0.4160184753855767,2191,2238,46.14331355545413,55.719392314566576,0.6765336913127713
21,1 trading month,-0.5379055794917472,2.1913853133326553,-0.8495984764683051,1.728183062386468,2191,2238,42.99406663623916,60.45576407506702,2.7292908928244026
